{
  "measures": {
    "filePath": "anthroMeasures/anthropometricMeasures.json"
  },
  "biochemicalRefs": {
    "filePath": "biochemicalRef/verified.json"
  },
  "charts": {
    "filePath": [
      "charts/arm_circumference_boys_0_5.json",
      "charts/arm_circumference_girls_0_5.json",
      "charts/bmi_for_age_boys_0_5.json",
      "charts/bmi_for_age_girls_0_5.json",
      "charts/bmi_for_age_boys_5_19.json",
      "charts/bmi_for_age_girls_5_19.json",
      "charts/head_circumference_boys_0_5.json",
      "charts/head_circumference_girls_0_5.json",
      "charts/height_for_age_boys_5_19.json",
      "charts/height_for_age_girls_5_19.json",
      "charts/length_for_age_boys_0_5.json",
      "charts/length_for_age_girls_0_5.json",
      "charts/subscapular_skinfold_boys_0_5.json",
      "charts/subscapular_skinfold_girls_0_5.json",
      "charts/triceps_skinfold_boys_0_5.json",
      "charts/triceps_skinfold_girls_0_5.json",
      "charts/weight_for_age_boys_0_5.json",
      "charts/weight_for_age_boys_5_10.json",
      "charts/weight_for_age_girls_0_5.json",
      "charts/weight_for_age_girls_5_10.json",
      "charts/weight_for_height_boys_65_120.json",
      "charts/weight_for_height_girls_65_120.json",
      "charts/weight_for_length_boys_45_110.json",
      "charts/weight_for_length_girls_45_110.json"
    ]
  },
  "tables": {
    "filePath": [
      "tables/weight_for_height_nchs_unisex.json",
      "tables/weight_for_length_who_2006_unisex.json"
    ]
  },
  "appetiteTestRefs": {
    "filePath": "appetiteTestRef/appetiteTestRef.json"
  },
  "clinicalRefs": {
    "filePath": "clinicalRef/clinicalRef.json"
  },
  "dataFields": {
    "filePath": "data_fields/data_fields.json"
  },
  "diagnosticRules": {
    "filePath": "diagnosticRules/diagnosticRules.json"
  },
  "indicators": {
    "filePath": [
      "indicators/single/bmi_indicator.json",
      "indicators/single/head_circumference_indicator.json",
      "indicators/single/height_for_age_indicator.json",
      "indicators/single/muac_for_age_indicator.json",
      "indicators/single/subscapular_skinfold_indicator.json",
      "indicators/single/triceps_skinfold_indicator.json",
      "indicators/single/weight_for_age_indicator.json",
      "indicators/single/weight_for_height_indicator.json",
      "indicators/single/weight_for_height_nchs_indicator.json",
      "indicators/single/weight_for_height_unisex_indicator.json"
    ]
  },
  "medicines": {
    "filePath": "medicine/medicines.json"
  },
  "milks": {
    "filePath": "milks/milks.json"
  },
  "nutritionalProducts": {
    "filePath": "milks/products.json"
  },
  "orientationRefs": {
    "filePath": "orientationRef/orientationRef.json"
  },
  "units": {
    "filePath": "units/units.json"
  },
  "nutritionalRiskFactors": {
    "filePath": "nutritionalRiskFactor/nutritionalRiskFactor.json"
  }
}