[
  {
    "name": "Poids",
    "code": "weight",
    "unit": "kg",
    "availableUnit": [
      "kg",
      "g"
    ],
    "description": "Poids corporel total de l’enfant",
    "validationRules": [
      {
        "condition": "0==0",
        "rule": "(weight >= 0.35)&& (weight < 120)",
        "variables": [
          "weight"
        ]
      }
    ]
  },
  {
    "name": "Longueur",
    "code": "length",
    "unit": "cm",
    "availableUnit": [
      "cm",
      "m"
    ],
    "description": "Mesure de la longueur en décubitus dorsal (généralement utilisée chez les enfants de moins de 2 ans)",
    "validationRules": [
      {
        "condition": "0==0",
        "rule": "(length >= 30) && (length<=120)",
        "variables": [
          "length"
        ]
      }
    ]
  },
  {
    "name": "Taille",
    "code": "height",
    "unit": "cm",
    "availableUnit": [
      "cm",
      "m"
    ],
    "description": "Mesure de la taille debout (généralement utilisée chez les enfants de 2 ans et plus)",
    "validationRules": [
      {
        "condition": "0==0",
        "rule": "(height >= 30) && (height<=200)",
        "variables": [
          "height"
        ]
      }
    ]
  },
  {
    "name": "Périmètre crânien",
    "code": "head_circumference",
    "unit": "cm",
    "availableUnit": [
      "cm"
    ],
    "description": "Mesure du tour de tête au niveau de la plus grande circonférence",
    "validationRules": [
      {
        "condition": "0==0",
        "rule": "(head_circumference >= 20) && (head_circumference < 65)",
        "variables": [
          "head_circumference"
        ]
      }
    ]
  },
  {
    "name": "Périmètre brachial",
    "code": "muac",
    "unit": "cm",
    "availableUnit": [
      "cm",
      "mm"
    ],
    "description": "Circonférence du bras mesurée au point médian entre l’acromion et l’olécrane",
    "validationRules": [
      {
        "condition": "0==0",
        "rule": "(muac >= 6.5) && (muac < 35)",
        "variables": [
          "muac"
        ]
      }
    ]
  },
  {
    "name": "Pli cutané tricipital (TST)",
    "code": "tsf",
    "unit": "mm",
    "availableUnit": [
      "mm"
    ],
    "description": "Épaisseur du pli cutané à la face postérieure du bras (triceps)",
    "validationRules": [
      {
        "condition": "0==0",
        "rule": "(tsf >= 2) && (tsf < 50)",
        "variables": [
          "tsf"
        ]
      }
    ]
  },
  {
    "name": "Pli cutané sous-scapulaire (SSF)",
    "code": "ssf",
    "unit": "mm",
    "availableUnit": [
      "mm"
    ],
    "description": "Épaisseur du pli cutané sous l’omoplate (sous-scapulaire)",
    "validationRules": [
      {
        "condition": "0==0",
        "rule": "(ssf >= 2) && (ssf < 50)",
        "variables": [
          "ssf"
        ]
      }
    ]
  }
]